artist,track,year,decade,duration,tempo,energy,danceability,key,genre
Chuck Berry,Johnny B Goode,1958,1950s,160.9329,81.961,0.666,0.5863,D,Rock
Sam Cooke,Wonderful World,1960,1960s,125.1881,128.265,0.3704,0.6876,B,"Rock,Funk / Soul"
Jerry Lee Lewis,"Whole Lotta Shakin' Goin' On",1957,1950s,265.0267,172.579,0.9425,0.1377,C,Rock
Tommy Edwards,"It's All in the Game",1958,1950s,78.5,70.42,0.2713,0.5006,Eb,Pop
Londonbeat,"I've Been Thinking About You",1990,1990s,305.5867,113.56,0.8786,0.6376,B,Pop
Mariah Carey,Dreamlover,1993,1990s,233.6,100.676,0.743,0.6931,F,"Electronic,Pop"
Kenny Loggins,Footloose,1984,1980s,220.6933,174.19,0.949,0.3999,A,Stage & Screen
Right Said Fred,"I'm Too Sexy",1991,1990s,89.9773,122.112,0.8187,0.6548,A,"Electronic,Pop"
Mario Lanza,Be My Love,1951,1950s,210.44,87.245,0.4298,0.1691,C#,"Pop,Stage & Screen"
Procol Harum,A Whiter Shade of Pale,1967,1960s,237.6933,74.4,0.6939,0.1729,C,Rock
Richard Marx,Right Here Waiting,1989,1980s,289.4533,76.034,0.2563,0.6127,C,Rock
Ini Kamoze,Here Comes the Hotstepper,1995,1990s,249.8267,100.359,0.571,0.8838,G,Hip Hop
Alicia Keys,No One,2007,2000s,238.56,94.845,0.8167,0.4703,A,Hip Hop
The Drifters,Save the Last Dance For Me,1960,1960s,135.4667,163.456,0.6318,0.4409,D,Rock
The Beatles,Yesterday,1965,1960s,125.6662,95.018,0.1904,0.3427,F,"Rock,Pop"
The Rolling Stones,Paint it Black,1966,1960s,134.7733,80.706,0.9485,0.4425,C,Rock
The Police,Every Breath You Take,1983,1980s,266.6053,117.336,0.5406,0.8205,C#,"Rock,Pop"
Nini Rosso,Il Silenzio,1965,1960s,186.4133,96.027,0.3416,0.3624,Bb,"Jazz,Pop"
Chris Montez,"Let's Dance",1962,1960s,30.0665,77.021,0.7496,0.694,Bb,"Latin,Pop"
Les Paul & Mary Ford,"Mockin' Bird Hill",1951,1950s,141.0662,164.317,0.4122,0.5447,C#,"Jazz,Pop,Folk, World, & Country"
Johnnie Ray,Cry,1951,1950s,184.2387,70.189,0.1773,0.3152,C,"Rock,Funk / Soul"
Kitty Kallen,Little Things Mean a Lot,1954,1950s,89.15,82.566,0.091,0.4536,Ab,"Pop,Folk, World, & Country"
Sheryl Crow,All I Wanna Do,1994,1990s,234.2714,121.517,0.7258,0.6807,E,"Rock,Pop"
Meat Loaf,"I'd Do Anything For Love (But I Won't Do That)",1993,1990s,382.3733,105.896,0.5703,0.3844,C,Rock
George Michael,Faith,1987,1980s,213.3354,95.784,0.4059,0.8205,B,Rock
Elvis Presley,Are You Lonesome Tonight?,1960,1960s,150.6667,103.191,0.8678,0.4895,Ab,Rock
Wings,Mull of Kintyre,1977,1970s,284.5867,92.153,0.3772,0.3428,D,Rock
Las Ketchup,The Ketchup Song (Asereje),2002,2000s,209.072,184.041,0.777,0.6454,Bb,Electronic
Amii Stewart,Knock On Wood,1979,1970s,225.2,143.12,0.9265,0.6387,D,Electronic
Roberta Flack,Killing Me Softly With His Song,1973,1970s,282.4877,121.364,0.1838,0.4649,F,Funk / Soul
Nat King Cole,Unforgettable,1951,1950s,30.0665,84.473,0.1057,0.3479,E,Pop
The Beatles,She Loves You,1964,1960s,140.4,150.508,0.837,0.3585,G,Rock
Kaoma,Lambada,1989,1980s,366.3535,119.107,0.8223,0.7925,Bb,Latin
Elvis Presley,Surrender,1961,1960s,110.6301,80.809,0.6135,0.3727,Eb,"Rock,Pop"
"Guns n' Roses","Sweet Child O' Mine",1988,1980s,356.08,125.122,0.9111,0.451,F#,Rock
Madonna,Music,2000,2000s,224.24,119.847,0.8326,0.7336,G,"Electronic,Pop"
Phil Collins,A Groovy Kind of Love,1988,1980s,210.4,143.663,0.2163,0.2009,D,"Rock,Stage & Screen"
Mariah Carey,We Belong Together,2005,2000s,262.8933,127.966,0.8706,0.6915,A,"Electronic,Hip Hop"
Brandy & Monica,The Boy is Mine,1998,1990s,239.96,93.028,0.6428,0.7069,C#,Hip Hop
Ray Parker Jr,Ghostbusters,1984,1980s,296.8028,115.577,0.7049,0.7677,E,"Electronic,Pop,Stage & Screen"
George Harrison,My Sweet Lord,1971,1970s,275.7333,130.744,0.8864,0.5594,C#,Rock
The Monkees,"I'm a Believer",1967,1960s,162.4528,80.128,0.8111,0.529,C,"Rock,Pop"
The Rolling Stones,Miss You,1978,1970s,214.8933,109.993,0.5531,0.855,A,Rock
The Rubettes,Sugar Baby Love,1974,1970s,247.7067,134.287,0.6805,0.4983,Bb,"Rock,Pop"
Madonna,"Papa Don't Preach",1986,1980s,345.28,121.54,0.9063,0.8069,F,Pop
Chubby Checker,"Let's Twist Again",1961,1960s,142.84,162.402,0.7474,0.6354,Eb,"Rock,Blues,Pop"
Neil Young,Heart of Gold,1972,1970s,172.1987,94.916,0.1511,0.6385,G,Rock
Culture Beat,Mr Vain,1993,1990s,338.3333,132.865,0.9962,0.6732,A,Electronic
Michael Jackson,Beat It,1983,1980s,296.7035,138.479,0.6342,0.6624,Eb,Pop
Chubby Checker,The Twist,1960,1960s,156.6563,156.961,0.7346,0.3523,E,Rock
The Beatles,Come Together,1969,1960s,258.4565,164.942,0.2931,0.5286,A,Rock
Bobby Vinton,Roses Are Red,1962,1960s,227.4395,103.089,0.3733,0.381,F,Pop
Ace of Base,All That She Wants,1993,1990s,306.5867,130.038,0.8683,0.5883,F#,"Electronic,Reggae,Pop"
Shaggy,Angel,2001,2000s,235.1333,170.539,0.7665,0.7428,F#,"Hip Hop,Reggae"
Elvis Presley,In the Ghetto,1969,1960s,183.8232,95.713,0.289,0.3659,C,"Funk / Soul,Folk, World, & Country"
TLC,Waterfalls,1995,1990s,269.2933,85.659,0.6978,0.7777,Eb,Hip Hop
Daniel Powter,Bad Day,2005,2000s,234.36,139.995,0.7832,0.5728,Eb,Pop
Pussycat,Mississippi,1976,1970s,274.52,123.348,0.6956,0.6088,Bb,Rock
U2,With Or Without You,1987,1980s,277.6933,110.873,0.508,0.4543,C#,Rock
Nirvana,Smells Like Teen Spirit,1992,1990s,287.0667,126.265,0.9512,0.4015,C#,Rock
The Kalin Twins,When,1958,1950s,25.051,93.379,0.3859,0.6165,C#,Rock
Jennifer Lopez,"Love Don't Cost a Thing",2001,2000s,167.7467,97.196,0.7936,0.7051,E,Pop
Donna Summer,I Feel Love,1977,1970s,195.9067,125.74,0.8792,0.5991,G,"Electronic,Funk / Soul"
Green Day,Boulevard of Broken Dreams,2005,2000s,261.72,166.877,0.6311,0.4852,Ab,Rock
Kiss,"I Was Made For Lovin' You",1979,1970s,269.5867,128.653,0.9039,0.6562,A,Rock
Little Eva,The Loco-Motion,1962,1960s,108.0889,85.935,0.6536,0.5033,Eb,"Rock,Funk / Soul"
Gerry Rafferty,Baker Street,1978,1970s,311.6129,114.12,0.4766,0.5259,G,Rock
Mariah Carey,Vision of Love,1990,1990s,209.4933,205.02,0.6222,0.2603,F,Pop
The Beatles,Let it Be,1970,1970s,243.0267,140.616,0.391,0.4503,C,"Rock,Pop"
Vanilla Ice,Ice Ice Baby,1990,1990s,94.9696,115.632,0.4953,0.8608,G,Hip Hop
Pat Boone,Love Letters in the Sand,1957,1950s,30.0665,89.218,0.1936,0.5106,Bb,"Pop,Stage & Screen"
Kylie Minogue,"Can't Get You Out of My Head",2001,2000s,229.6796,126.021,0.6106,0.7442,A,Electronic
M,Pop Muzik,1979,1970s,116.9333,111.882,0.792,0.7495,C#,"Electronic,Rock"
Nat King Cole,Mona Lisa,1950,1950s,30.0665,92.643,0.3403,0.2347,Bb,"Jazz,Pop"
Cyndi Lauper,Girls Just Wanna Have Fun,1984,1980s,217.6638,120.521,0.8044,0.6509,F#,Pop
Elvis Presley,"It's Now Or Never",1960,1960s,194.2233,126.148,0.6219,0.6003,E,Rock
Dexys Midnight Runners,Come On Eileen,1982,1980s,287.3067,106.799,0.6585,0.4503,D,Rock
Elvis Presley,Heartbreak Hotel,1956,1950s,30.0665,94.269,0.3593,0.6889,E,Rock
OutKast,Hey Ya!,2003,2000s,134.7391,158.872,0.9743,0.6459,C,Hip Hop
Aqua,Barbie Girl,1997,1990s,57.6779,86.743,0.9253,0.688,F#,Electronic
"Gilbert O'Sullivan",Get Down,1973,1970s,162.64,123.32,0.9662,0.7272,C#,Rock
Elvis Presley,Hound Dog,1956,1950s,143.6133,92.146,0.7618,0.266,G,Rock
Sixpence None The Richer,Kiss Me,1999,1990s,176.8224,99.935,0.3887,0.539,Eb,Rock
Alicia Keys,"Fallin'",2001,2000s,284.36,178.348,0.6017,0.3037,E,"Hip Hop,Funk / Soul"
Tommy James & the Shondells,Crimson & Clover,1969,1960s,204.5862,81.738,0.2977,0.3848,B,Pop
Eminem,Without Me,2002,2000s,299.3276,112.259,0.4534,0.9029,G,Hip Hop
Red Hot Chili Peppers,Under the Bridge,1992,1990s,272.4306,82.695,0.2287,0.3748,E,Rock
Sam The Sham & The Pharaohs,Wooly Bully,1965,1960s,140.7467,139.782,0.7102,0.7915,G,Rock
Daniel Boone,Beautiful Sunday,1972,1970s,181.4267,121.502,0.6764,0.6632,D,"Rock,Pop"
Toni Braxton,Un-Break My Heart,1996,1990s,219.5062,109.888,0.4108,0.6379,B,"Electronic,Hip Hop,Pop"
The Supremes,Where Did Our Love Go,1964,1960s,160.6667,133.973,0.5652,0.8744,C,Funk / Soul
Roxette,Joyride,1991,1990s,286.3307,101.942,0.8083,0.4862,D,"Rock,Pop"
George Michael,Careless Whisper,1984,1980s,301.6796,76.425,0.4365,0.5474,D,Electronic
Mariah Carey,Fantasy,1995,1990s,234.1196,204.326,0.914,0.4194,B,"Hip Hop,Pop"
Conway Twitty,"It's Only Make Believe",1958,1950s,147.2,114.983,0.3683,0.5731,Bb,Rock
Don Cornell,Hold My Hand,1954,1950s,166.7333,83.295,0.1901,0.3972,Eb,Pop
50 Cent,In Da Club,2003,2000s,224.0726,90.015,0.4575,0.9134,C#,Hip Hop
Elvis Presley,"Don't Be Cruel",1956,1950s,159.4525,84.119,0.7277,0.4579,D,Rock
Frankie Goes To Hollywood,Relax,1984,1980s,210.1596,128.026,0.9521,0.6271,A,Electronic
Paul Anka,Lonely Boy,1959,1950s,25.051,105.402,0.5722,0.6921,C,Pop
Frank Sinatra,Strangers in the Night,1966,1960s,154.0789,89.888,0.5923,0.25,F,Jazz
Celine Dion,My Heart Will Go On,1998,1990s,441.96,98.961,0.3384,0.1756,Eb,"Electronic,Pop,Stage & Screen"
Cliff Richard,Living Doll,1959,1950s,25.051,129.804,0.4907,0.6857,E,Pop
The Human League,"Don't You Want Me",1982,1980s,239.0983,117.928,0.6151,0.6689,A,Electronic
The Black Eyed Peas,Shut Up,2003,2000s,269.0876,112.977,0.3128,0.7625,D,Hip Hop
Will Smith,Men in Black,1997,1990s,225.8,107.547,0.4962,0.7955,F,Hip Hop
Bee Gees,"Stayin' Alive",1978,1970s,283.1467,103.569,0.8279,0.7024,Bb,Pop
10cc,"I'm Not in Love",1975,1970s,231.0667,133.933,0.5788,0.2886,E,Pop
Trini Lopez,If I Had a Hammer,1963,1960s,178.8667,173.252,0.895,0.4122,D,"Rock,Latin"
The Rolling Stones,Get Off of My Cloud,1965,1960s,173.7733,126.285,0.8886,0.5677,E,Rock
Nancy Sinatra,These Boots Are Made For Walking,1966,1960s,162.5078,165.844,0.5892,0.6283,A,"Rock,Pop"
Rosemary Clooney,This Ole House,1954,1950s,70.83,104.452,0.6102,0.7697,C,"Jazz,Pop"
Elton John,Can You Feel the Love Tonight,1994,1990s,238.9867,125.898,0.2745,0.3121,Bb,"Rock,Pop,Stage & Screen"
The Beatles,Help!,1965,1960s,140.6667,94.747,0.5113,0.5339,B,Rock
R Kelly,Ignition,2003,2000s,172.9824,134.561,0.5548,0.7573,C#,"Hip Hop,Funk / Soul"
The Tornados,Telstar,1962,1960s,217.2677,144.111,0.9428,0.1569,A,Pop
The Rolling Stones,The Last Time,1965,1960s,189.68,93.691,0.9214,0.2766,A,Rock
MC Hammer,"U Can't Touch This",1990,1990s,253.4431,133.16,0.9069,0.787,B,"Electronic,Hip Hop,Rock,Funk / Soul,Pop,Children's,Stage & Screen"
Jimmy Boyd,I Saw Mommy Kissing Santa Claus,1952,1950s,152.2166,115.413,0.2178,0.4746,Bb,"Children's"
The Righteous Brothers,Unchained Melody,1965,1960s,213.9867,99.78,0.4882,0.4184,C,"Rock,Pop"
Eddie Fisher,I Need You Now,1954,1950s,153.2,117.203,0.2365,0.4822,C,Pop
Terry Jacks,Seasons in the Sun,1974,1970s,209.9067,97.363,0.5033,0.6974,F#,"Rock,Pop"
The Beatles,"Can't Buy Me Love",1964,1960s,131.6571,84.768,0.4149,0.589,C,"Rock,Pop"
Bobby Darin,Dream Lover,1959,1950s,71.68,135.104,0.491,0.5751,C#,Rock
Dean Martin,Memories Are Made of This,1956,1950s,143.0022,64.486,0.5299,0.6597,E,"Jazz,Pop,Folk, World, & Country"
Madonna,Take a Bow,1995,1990s,321.36,79.98,0.3665,0.5677,Ab,"Electronic,Pop"
Queen,Crazy Little Thing Called Love,1980,1980s,162.8267,77.064,0.7148,0.5982,G,Rock
Haddaway,What is Love?,1993,1990s,189.9333,123.89,0.6899,0.706,G,Electronic
Amy Winehouse,Rehab,2007,2000s,207.0395,75.733,0.4697,0.5513,C,"Electronic,Funk / Soul"
Carly Simon,"You're So Vain",1973,1970s,288.8098,105.439,0.4762,0.5196,Ab,"Rock,Blues,Pop"
The Beatles,"A Hard Day's Night",1964,1960s,146.8079,140.46,0.4691,0.4444,F,"Rock,Pop"
Shaggy,Boombastic,1995,1990s,247.1733,158.412,0.7884,0.8661,D,"Electronic,Hip Hop,Reggae,Pop"
The Rolling Stones,Brown Sugar,1971,1970s,228.6667,128.607,0.9312,0.634,C,Rock
Al Hibbler,Unchained Melody,1955,1950s,86.91,116.767,0.2683,0.3175,Bb,Pop
Jo Stafford,You Belong to Me,1952,1950s,92.86,141.189,0.2878,0.3494,D,"Jazz,Pop"
Rocco Granata,Marina,1960,1960s,167.5467,101.632,0.5217,0.6575,A,"Rock,Pop"
Elvis Presley,Return to Sender,1962,1960s,120,135.911,0.5469,0.8269,E,Rock
Led Zeppelin,Whole Lotta Love,1970,1970s,334.5552,87.979,0.8928,0.4012,A,Rock
Patrick Hernandez,Born to Be Alive,1979,1970s,197.5196,131.665,0.7789,0.7291,D,Electronic
The Moody Blues,Nights in White Satin,1972,1970s,316.0667,148.504,0.5208,0.2071,E,"Rock,Pop"
Mariah Carey,Without You,1994,1990s,254.328,121.515,0.4851,0.45,F#,"Funk / Soul,Pop"
Chic,Le Freak,1979,1970s,229.2267,118.402,0.7551,0.8875,G,Funk / Soul
Enigma,Return to Innocence,1994,1990s,294.3356,87.844,0.3903,0.2095,Bb,Electronic
Captain & Tennille,Love Will Keep Us Together,1975,1970s,204.92,129.926,0.5752,0.6639,E,Pop
The Beatles,Strawberry Fields Forever,1967,1960s,248.9329,97.535,0.4926,0.3889,Bb,Rock
Barry Ryan,Eloise,1968,1960s,344.8933,131.12,0.6698,0.4134,C,Rock
Rihanna,Disturbia,2008,2000s,227.1604,128.789,0.4887,0.6875,B,"Hip Hop,Funk / Soul,Pop"
Soft Cell,Tainted Love,1981,1980s,156.7067,143.21,0.4915,0.5278,C,"Electronic,Pop"
Janet Jackson,Together Again,1998,1990s,266.4635,122.957,0.5637,0.8501,C,"Electronic,Hip Hop,Funk / Soul,Pop"
Musical Youth,Pass the Dutchie,1982,1980s,59.6662,75.23,0.7863,0.6427,C,Reggae
Vera Lynn,"Auf Wiederseh'n Sweetheart",1952,1950s,157.2667,109.638,0.2771,0.3967,Ab,"Jazz,Pop"
U2,"I Still Haven't Found What I'm Looking For",1987,1980s,265.0667,101.505,0.644,0.5378,Bb,Rock
Madonna,Hung Up,2005,2000s,337.7628,125.017,0.6401,0.6493,A,"Electronic,Pop"
Rednex,Cotton Eye Joe,1994,1990s,194.1356,131.997,0.9107,0.7353,A,"Electronic,Pop,Folk, World, & Country"
Rod Stewart,Maggie May,1971,1970s,296.84,129.047,0.6744,0.6774,D,Rock
Lady GaGa,Bad Romance,2009,2000s,233.7862,127.982,0.8625,0.6509,A,"Electronic,Hip Hop,Pop"
Savage Garden,Truly Madly Deeply,1998,1990s,277.2667,168.12,0.6984,0.5555,C,Electronic
Debbie Reynolds,Tammy,1957,1950s,189.6127,78.594,0.1698,0.2155,Ab,"Pop,Stage & Screen"
Bee Gees,Night Fever,1978,1970s,209.4,109.188,0.7952,0.6931,C#,Funk / Soul
Justin Timberlake,Sexyback,2006,2000s,265.848,116.891,0.5125,0.968,F,"Electronic,Pop"
The Kingston Trio,Tom Dooley,1958,1950s,148.6667,133.975,0.8839,0.4884,B,"Folk, World, & Country"
The Beatles,Penny Lane,1967,1960s,180.8929,112.99,0.4954,0.651,A,Rock
Billy Joel,The River of Dreams,1993,1990s,249.8636,89.729,0.6763,0.6198,G,"Rock,Pop"
"Sinead O'Connor",Nothing Compares 2 U,1990,1990s,240.28,119.898,0.5076,0.5416,F,"Electronic,Rock"
Bee Gees,How Deep is Your Love?,1977,1970s,243.6133,104.981,0.3918,0.6306,F,Pop
Whitney Houston,I Will Always Love You,1992,1990s,357.4712,131.862,0.2544,0.3066,Ab,"Funk / Soul,Pop"
Prince,Batdance,1989,1980s,246.8044,110.918,0.3979,0.6526,D,Electronic
The Bangles,Eternal Flame,1989,1980s,238.3333,78.94,0.3191,0.5188,E,Pop
Beyonce,Irreplaceable,2006,2000s,252.1676,175.598,0.584,0.4292,Bb,"Funk / Soul,Pop"
Bon Jovi,Blaze of Glory,1990,1990s,339.0933,78.586,0.6998,0.5465,G,Rock
Anita Ward,Ring My Bell,1979,1970s,212.1467,125.735,0.7923,0.7686,F,Electronic
Celine Dion,Because You Loved Me,1996,1990s,132.072,118.021,0.149,0.5659,G,"Electronic,Rock,Pop"
Tears For Fears,Shout,1985,1980s,348.9067,98.074,0.9215,0.5304,D,Electronic
Donna Summer,Hot Stuff,1979,1970s,282.6796,120.529,0.8989,0.7799,C,Electronic
Elvis Presley,All Shook Up,1957,1950s,118.3347,151.923,0.8041,0.5842,Bb,Rock
Billy Swan,I Can Help,1975,1970s,128.2933,109.792,0.32,0.7757,C,Rock
Nat King Cole,Too Young,1951,1950s,268.9467,137.685,0.2516,0.259,G,Jazz
Tony Bennett,Rags to Riches,1953,1950s,186.4667,142.851,0.4767,0.3419,C,"Jazz,Pop"
Michael Jackson,Black Or White,1991,1990s,230.8175,116.993,0.8749,0.6882,F#,Pop
Petula Clark,Downtown,1965,1960s,197.3232,112.45,0.434,0.4343,Eb,Pop
Duffy,Mercy,2008,2000s,209.0876,129.926,0.5489,0.7876,G,Funk / Soul
Elvis Presley,"(You're The) Devil in Disguise",1963,1960s,137.4267,121.223,0.6861,0.5106,F,"Rock,Pop"
Michael Jackson,"Don't Stop 'Til You Get Enough",1979,1970s,251.4,119.304,0.77,0.8372,B,Pop
The Bangles,Walk Like an Egyptian,1986,1980s,203.8667,102.99,0.8823,0.7178,B,"Rock,Pop"
Mike & The Mechanics,The Living Years,1989,1980s,319.84,97.814,0.4911,0.5145,Ab,Rock
Extreme,More Than Words,1991,1990s,210.9733,91.218,0.2559,0.6369,F#,"Rock,Pop"
Usher,Yeah!,2004,2000s,174.48,105.015,0.5708,0.8455,F,Hip Hop
Barbra Streisand,The Way We Were,1974,1970s,231.16,84.483,0.2166,0.2203,A,"Pop,Stage & Screen"
The Beatles,Michelle,1966,1960s,160.7586,116.985,0.1654,0.5677,F,Rock
R Kelly,I Believe I Can Fly,1997,1990s,320.1867,120.473,0.4599,0.4697,G,"Funk / Soul,Pop"
Christina Aguilera,Genie in a Bottle,1999,1990s,179.4903,183.817,0.6846,0.394,F,Electronic
Eiffel 65,Blue (Da Ba Dee),1999,1990s,116.2267,128.05,0.9834,0.7509,F,Electronic
Gnarls Barkley,Crazy,2006,2000s,180.3333,111.989,0.6106,0.8464,Ab,"Hip Hop,Funk / Soul"
The Beatles,Lady Madonna,1968,1960s,136.8262,109.589,0.7715,0.651,G,Rock
Men At Work,Down Under,1982,1980s,221.5916,106.67,0.636,0.7071,D,"Rock,Pop"
George Baker Selection,Una Paloma Blanca,1975,1970s,93.0133,131.787,0.8125,0.7091,F,"Rock,Funk / Soul,Pop,Stage & Screen"
David Bowie,"Let's Dance",1983,1980s,456.0167,115.113,0.8011,0.6278,Bb,"Rock,Pop"
Carl Douglas,Kung Fu Fighting,1974,1970s,192.2133,102.224,0.673,0.5797,D,Funk / Soul
Tiffany,"I Think We're Alone Now",1988,1980s,192.6533,131.977,0.8885,0.7231,G,Pop
Paul Anka,Diana,1957,1950s,172.5116,140.031,0.888,0.5472,F,"Rock,Pop"
The Chordettes,Mister Sandman,1954,1950s,155.7943,208.712,0.3576,0.5042,Ab,Pop
The Beach Boys,Good Vibrations,1966,1960s,296.1867,130.891,0.505,0.289,Bb,"Rock,Pop"
Steve Miller Band,The Joker,1974,1970s,217.8,165.451,0.3394,0.4168,Bb,Rock
Stevie Wonder,Superstition,1973,1970s,252.4267,100.489,0.7291,0.6255,Bb,Funk / Soul
Phil Harris,The Thing,1950,1950s,141.36,126.618,0.4635,0.88,D,Jazz
Elvis Presley,Wooden Heart,1961,1960s,61.92,81.711,0.1516,0.7808,Eb,Pop
TLC,No Scrubs,1999,1990s,233.4267,92.907,0.6215,0.7984,Ab,"Hip Hop,Funk / Soul"
Kim Carnes,Bette Davis Eyes,1981,1980s,156.3733,116.601,0.5669,0.6328,F,"Electronic,Pop"
The Hollies,The Air That I Breathe,1974,1970s,251,83.47,0.3867,0.397,C,"Rock,Pop"
Wet Wet Wet,Love is All Around,1994,1990s,209.6396,84.903,0.7325,0.5217,Bb,Rock
The Everly Brothers,Bird Dog,1958,1950s,131.125,144.303,0.5985,0.5346,B,Rock
The Box Tops,The Letter,1967,1960s,112.8703,140.28,0.3097,0.6729,A,Rock
Vanessa Carlton,A Thousand Miles,2002,2000s,236.96,94.906,0.7824,0.5684,B,Rock
Spice Girls,Wannabe,1996,1990s,172.4,110.031,0.8273,0.7575,B,"Electronic,Pop"
The Ronettes,Be My Baby,1963,1960s,153.6129,131.323,0.7178,0.4477,E,"Rock,Pop"
The Black Eyed Peas,I Gotta Feeling,2009,2000s,279.1067,129.773,0.6554,0.7527,C,Electronic
Lady GaGa,Poker Face,2009,2000s,237.3544,119.003,0.806,0.8532,Ab,"Electronic,Pop"
The Beatles,Yellow Submarine,1966,1960s,171.0557,109.088,0.4872,0.6676,C#,Rock
Cliff Richard,"We Don't Talk Anymore",1979,1970s,254.8,111.651,0.6485,0.7019,C,"Rock,Pop"
Madonna,Like a Prayer,1989,1980s,340.8667,111.926,0.6286,0.6596,F,"Electronic,Pop"
Louis Armstrong,Hello Dolly,1964,1960s,152.5067,80.667,0.5352,0.5229,E,Jazz
Tony Bennett,Stranger in Paradise,1954,1950s,186.2784,83.895,0.2276,0.22,F#,Pop
The Everly Brothers,Bye Bye Love,1957,1950s,159.9995,82.752,0.6675,0.4919,A,Rock
Rosemary Clooney,Hey There,1954,1950s,89.8,88.036,0.0802,0.4974,G,"Jazz,Pop"
t.A.T.u.,All the Things She Said,2003,2000s,213.3333,89.973,0.8068,0.6021,F,Electronic
Bob Dylan,Like a Rolling Stone,1965,1960s,186.6529,106.406,0.7116,0.5903,C,"Rock,Pop,Folk, World, & Country"
Tom Jones,"She's a Lady",1971,1970s,177.72,119.193,0.8912,0.4445,B,Pop
Roxette,The Look,1989,1980s,220.9432,95.038,0.8192,0.6567,D,"Rock,Pop"
Boyz II Men,"I'll Make Love to You",1994,1990s,258.9756,71.307,0.3713,0.326,E,Funk / Soul
The Monkees,Daydream Believer,1967,1960s,164.5448,125.615,0.3004,0.4874,G,Rock
Diana Ross,Upside Down,1980,1980s,213.3062,110.065,0.886,0.8531,C#,Funk / Soul
The Doors,Light My Fire,1967,1960s,429.76,124.618,0.7249,0.4126,Eb,Rock
Gwen Stefani,Hollaback Girl,2005,2000s,48.3522,110.022,0.7332,0.9595,Bb,"Electronic,Hip Hop,Pop"
Queen,Another One Bites the Dust,1980,1980s,358.9333,115.991,0.9836,0.5337,E,Rock
Mary Hopkin,Those Were the Days,1968,1960s,296.6533,177.477,0.2575,0.3575,F#,Pop
Neil Sedaka,Oh Carol,1959,1950s,136.3708,132.128,0.5526,0.5666,Ab,"Rock,Pop"
Mario,Let Me Love You,2005,2000s,113.3187,94.249,0.5092,0.6655,G,Electronic
Madonna,Vogue,1990,1990s,258.6379,116.274,0.5588,0.7227,E,"Electronic,Pop"
Frankie Laine,I Believe,1953,1950s,63.93,98.227,0.1478,0.5012,C#,Pop
Elton John,Crocodile Rock,1973,1970s,234.1067,149.946,0.612,0.614,E,"Rock,Pop"
The Kinks,Lola,1970,1970s,244.3489,149.04,0.5075,0.4833,C#,"Rock,Pop"
Eminem,Just Lose It,2004,2000s,200.2533,121.082,0.2728,0.9603,D,Hip Hop
Irene Cara,Flashdance... What a Feeling,1983,1980s,244.2662,121.845,0.7458,0.3548,Bb,"Electronic,Pop,Stage & Screen"
The Beatles,Ticket to Ride,1965,1960s,193.12,123.46,0.4113,0.4999,E,Rock
Don McLean,American Pie,1972,1970s,515.883,138.484,0.5162,0.5608,G,Rock
Fats Domino,Blueberry Hill,1956,1950s,30.0665,130.52,0.4348,0.4967,F,Rock
The Diamonds,"Little Darlin'",1957,1950s,30.0665,76.345,0.5163,0.6163,F#,"Rock,Pop"
Bonnie Tyler,Total Eclipse of the Heart,1983,1980s,270.3067,131.165,0.6552,0.4289,Ab,Rock
Little Richard,Long Tall Sally,1956,1950s,127.7097,184.183,0.5765,0.4273,F,Rock
Rick Astley,Never Gonna Give You Up,1987,1980s,213.2529,113.314,0.9778,0.6179,Ab,"Electronic,Pop"
The Platters,Smoke Gets in Your Eyes,1959,1950s,156.0796,118.818,0.3931,0.303,Eb,Pop
Pat Boone,Speedy Gonzales,1962,1960s,155.0262,144.748,0.6007,0.598,A,"Rock,Pop"
Irene Cara,Fame,1980,1980s,320.5917,131.927,0.9333,0.6381,Eb,"Electronic,Stage & Screen"
Jennifer Lopez,If You Had My Love,1999,1990s,255.0133,94.015,0.6277,0.6835,B,"Hip Hop,Pop"
The Knack,My Sharona,1979,1970s,313.1333,150.231,0.9606,0.4319,C,Rock
Beyonce,If I Were a Boy,2008,2000s,211.8929,127.003,0.82,0.7005,Bb,Funk / Soul
Foreigner,I Want to Know What Love Is,1985,1980s,370.2533,83.697,0.8425,0.3684,F#,Rock
Bonnie Tyler,"It's a Heartache",1978,1970s,198.8133,116.976,0.8667,0.5517,C,"Rock,Pop"
Eddie Fisher,Oh My Papa (O Mein Papa),1954,1950s,188.331,95.852,0.3366,0.2456,Bb,Pop
Take That,Back For Good,1995,1990s,203.4412,79.006,0.4969,0.6069,F,"Electronic,Pop"
Jerry Lee Lewis,Great Balls of Fire,1957,1950s,111.1751,91.874,0.8421,0.3209,C,Rock
Tony Orlando & Dawn,Knock Three Times,1971,1970s,176.8667,123.13,0.7008,0.7833,C#,Pop
Patti Page,Tennessee Waltz,1950,1950s,181.5958,85.797,0.1386,0.4941,F,Pop
Elvis Presley,Stuck On You,1960,1960s,25.051,131.371,0.4612,0.7534,G,"Rock,Pop"
Edwin Hawkins Singers,Oh Happy Day,1969,1960s,302.5729,120.09,0.4862,0.513,Ab,Funk / Soul
Avril Lavigne,Girlfriend,2007,2000s,216.68,163.983,0.9628,0.5531,G,"Rock,Pop"
Survivor,Eye of the Tiger,1982,1980s,227.5467,108.744,0.7285,0.7915,C,Rock
Eric Clapton,Tears in Heaven,1992,1990s,289.1862,177.37,0.2186,0.4889,A,Rock
The Platters,The Great Pretender,1956,1950s,198.16,181.551,0.4302,0.2662,A,Pop
Tennessee Ernie Ford,Sixteen Tons,1955,1950s,156.2129,143.919,0.2086,0.5994,E,"Rock,Funk / Soul,Pop"
Sean Kingston,Beautiful Girls,2007,2000s,257.424,130.015,0.3985,0.7871,C#,"Hip Hop,Reggae,Funk / Soul"
James Blunt,"You're Beautiful",2005,2000s,230.8698,79.229,0.5688,0.4784,Eb,Rock
Ace of Base,The Sign,1994,1990s,189.7867,97.01,0.8281,0.8022,E,Electronic
Prince,When Doves Cry,1984,1980s,284.9316,128.84,0.4263,0.4458,A,"Funk / Soul,Pop"
Michael Jackson,You Are Not Alone,1995,1990s,295.9867,119.416,0.4321,0.6393,B,"Electronic,Funk / Soul"
Elvis Presley,Love Me Tender,1956,1950s,211.92,75.872,0.5191,0.2024,Bb,"Pop,Stage & Screen"
Van Halen,Jump,1984,1980s,241.5995,129.994,0.8347,0.5724,C,Rock
The Black Eyed Peas,"Don't Phunk With My Heart",2005,2000s,241.3733,130.881,0.8752,0.6841,F,"Electronic,Hip Hop"
Steve Miller Band,Abracadabra,1982,1980s,307.96,127.507,0.5666,0.7985,A,Rock
Santana,Maria Maria,2000,2000s,237.8929,97.892,0.7437,0.7487,E,"Rock,Latin"
Kay Starr,Wheel of Fortune,1952,1950s,180.9333,71.696,0.1375,0.5304,Ab,"Jazz,Pop"
Simon & Garfunkel,The Sounds of Silence,1966,1960s,273.28,91.599,0.4327,0.2918,G,"Rock,Pop"
U2,Desire,1988,1980s,144.0653,107.887,0.7299,0.274,Ab,Rock
Chicago,If You Leave Me Now,1976,1970s,293.9329,99.433,0.536,0.3761,B,Rock
Los Lobos,La Bamba,1987,1980s,203.3894,187.237,0.8577,0.1808,C,"Rock,Latin"
C&C Music Factory,Gonna Make You Sweat (Everybody Dance Now),1991,1990s,246.4653,113.216,0.8203,0.848,F#,Electronic
Elvis Presley,Jailhouse Rock,1957,1950s,98.0533,96.557,0.4967,0.5076,D,Rock
Boney M,Daddy Cool,1976,1970s,205.8933,124.649,0.7558,0.7598,F,Funk / Soul
Coolio,"Gangsta's Paradise",1995,1990s,221.9067,80.019,0.7312,0.527,Ab,Hip Hop
Blondie,Heart of Glass,1979,1970s,416.0667,115.863,0.941,0.4782,D,"Electronic,Rock"
The Beatles,Paperback Writer,1966,1960s,141.7661,79.162,0.5374,0.456,G,Rock
Eagles,Hotel California,1977,1970s,243.5391,137.951,0.3246,0.6499,B,Rock
The Beatles,All You Need is Love,1967,1960s,227.3447,102.883,0.4083,0.3997,G,Rock
George McCrae,Rock Your Baby,1974,1970s,386.1467,110.024,0.875,0.6805,Bb,Funk / Soul
The Beatles,I Feel Fine,1964,1960s,139.1538,90.083,0.554,0.5287,G,Rock
The Beatles,I Want to Hold Your Hand,1964,1960s,144.8533,130.919,0.6977,0.4939,G,"Rock,Pop"
Berlin,Take My Breath Away,1986,1980s,251.3328,96.295,0.6859,0.2257,F#,Electronic
The Fray,How to Save a Life,2007,2000s,261.16,122.028,0.7215,0.6394,Bb,Rock
Akon,Smack That,2006,2000s,217.3852,120.007,0.7779,0.9034,F,Hip Hop
The Beatles,Get Back,1969,1960s,187.1435,125.597,0.5903,0.7226,D,"Rock,Pop"
The Everly Brothers,"Cathy's Clown",1960,1960s,147.6133,123.219,0.74,0.6053,G,Rock
Ben E King,Stand By Me,1961,1960s,174,119.798,0.3173,0.6127,A,"Rock,Funk / Soul"
Bon Jovi,Always,1994,1990s,353.1067,141.42,0.6783,0.3733,E,Rock
Al Martino,Here in My Heart,1952,1950s,192.4533,130.956,0.2572,0.2299,A,Pop
UB40,Red Red Wine,1983,1980s,352.514,175.584,0.6496,0.4413,C#,Rock
Hot Butter,Popcorn,1972,1970s,151.9067,133.583,0.794,0.7785,B,Electronic
Shocking Blue,Venus,1970,1970s,185.1429,130.052,0.7709,0.6576,B,"Rock,Pop"
Madonna,Like a Virgin,1984,1980s,218.6267,119.747,0.6554,0.7698,Eb,Electronic
Buddy Holly,"That'll Be the Day",1957,1950s,30.0665,65.889,0.6994,0.4852,E,Rock
Gloria Gaynor,I Will Survive,1979,1970s,266.1067,127.982,0.9873,0.6468,A,Funk / Soul
Britney Spears,Toxic,2004,2000s,218.7462,135.011,0.9373,0.5642,C#,Pop
Christina Aguilera,Beautiful,2003,2000s,236.5196,132.053,0.846,0.5513,F,Pop
Phil Collins,In the Air Tonight,1981,1980s,288.5435,94.526,0.0815,0.5529,C,Rock
The Marcels,Blue Moon,1961,1960s,136.96,127.411,0.5305,0.4287,G,"Rock,Pop"
Creedence Clearwater Revival,Proud Mary,1969,1960s,248.68,134.36,0.7044,0.2698,D,Rock
Frankie Avalon,Venus,1959,1950s,158.6667,124.111,0.5322,0.6653,Bb,Pop
Evanescence,Bring Me to Life,2003,2000s,252.864,95.083,0.9184,0.2921,E,Rock
Crash Test Dummies,Mmm Mmm Mmm Mmm,1994,1990s,233.6533,92.949,0.6468,0.5672,Eb,Rock
Blondie,Call Me,1980,1980s,479.8689,142.823,0.5276,0.5478,D,"Rock,Stage & Screen"
Bill Haley & his Comets,Rock Around the Clock,1955,1950s,138.5062,205.532,0.951,0.4705,A,Rock
Peter Gabriel,Sledgehammer,1986,1980s,306.7032,96.398,0.5828,0.6681,Ab,Rock
Elvis Presley,Good Luck Charm,1962,1960s,25.051,120.786,0.347,0.778,D,Pop
Tony Bennett,Because of You,1951,1950s,181.56,85.578,0.2626,0.2161,F#,Pop
Falco,Rock Me Amadeus,1986,1980s,200.0933,177.816,0.9048,0.5807,E,Electronic
Michael Jackson,Billie Jean,1983,1980s,294.2396,116.74,0.4172,0.9206,F#,Electronic
Roberta Flack,The First Time Ever I Saw Your Face,1972,1970s,260.6664,120.653,0.0264,0.311,C,Funk / Soul
The Rolling Stones,Angie,1973,1970s,206.3371,78.976,0.5013,0.4448,C,Rock
Cher,Believe,1998,1990s,100.9995,133.007,0.977,0.664,Eb,"Funk / Soul,Pop"
Enrique Iglesias,Hero,2001,2000s,246.5462,152.017,0.5127,0.5657,G,"Electronic,Pop"
Lionel Richie,Hello,1984,1980s,268.1467,124.145,0.5184,0.5222,A,"Funk / Soul,Pop"
Elton John,Goodbye Yellow Brick Road,1973,1970s,195.7467,121.342,0.4838,0.5634,F,Rock
Ray Charles,"I Can't Stop Loving You",1962,1960s,252.8533,78.57,0.38,0.3027,F,Funk / Soul
Leona Lewis,Bleeding Love,2008,2000s,239.5067,104,0.7394,0.67,F,"Electronic,Pop"
Culture Club,Do You Really Want to Hurt Me?,1982,1980s,247.6533,103.899,0.8019,0.5763,E,Pop
Kanye West,Stronger,2007,2000s,246.1067,108.495,0.5919,0.4119,C#,Hip Hop
Eminem,Lose Yourself,2002,2000s,265.7432,85.7,0.4788,0.7767,D,Hip Hop
Kool & The Gang,Celebration,1981,1980s,696.4395,120.926,0.7807,0.4749,C#,Funk / Soul
Sandie Shaw,Puppet On a String,1967,1960s,141.9867,124.172,0.766,0.7328,C,Pop
"Plain White T's",Hey There Delilah,2007,2000s,232.7733,103.974,0.3733,0.6552,D,Rock
Mungo Jerry,In the Summertime,1970,1970s,209.68,165.27,0.6516,0.5745,E,Rock
Bon Jovi,"Livin' On a Prayer",1987,1980s,220.3867,112.014,0.4812,0.6353,Eb,Rock
Elvis Presley,"She's Not You",1962,1960s,123.9446,118.197,0.4098,0.5637,F,Rock
Seal,Kiss From a Rose,1995,1990s,218.4,131.665,0.5468,0.5769,Bb,Electronic
Tom Jones,Delilah,1968,1960s,164.64,162.419,0.7906,0.3987,F#,Pop
Alanis Morissette,Ironic,1996,1990s,225.9333,85.482,0.5933,0.2954,B,Pop
Kris Kross,Jump,1992,1990s,204.5462,102.2,0.8414,0.7575,G,Hip Hop
"Destiny's Child",Lose My Breath,2004,2000s,243.066,118.911,0.8026,0.8088,Ab,"Electronic,Hip Hop"
The Black Eyed Peas,Boom Boom Pow,2009,2000s,204.8796,130.062,0.9376,0.8973,A,Pop
Tina Turner,"What's Love Got to Do With It?",1984,1980s,328.4262,100.474,0.6407,0.6229,D,"Rock,Funk / Soul"
OutKast,Ms Jackson,2001,2000s,239.5867,94.933,0.7744,0.8315,D,"Hip Hop,Pop"
Creedence Clearwater Revival,Up Around the Bend,1970,1970s,212.6533,138.566,0.705,0.276,A,Rock
Dean Martin,"That's Amore",1953,1950s,185.4633,104.988,0.1789,0.4498,Bb,Pop
The Pussycat Dolls,"Don't Cha",2005,2000s,282.8476,120,0.2746,0.8714,C#,"Hip Hop,Pop"
INXS,Need You Tonight,1988,1980s,182.8,108.676,0.6397,0.81,Bb,Rock
Roxette,It Must Have Been Love,1990,1990s,440.1067,79.551,0.6758,0.347,F,"Rock,Pop"
Jive Bunny & The Mastermixers,Swing the Mood,1989,1980s,244.3467,185.745,0.8062,0.5746,Ab,Rock
Rosemary Clooney,Mambo Italiano,1954,1950s,132.1008,74.456,0.4933,0.6671,A,Pop
The Platters,My Prayer,1956,1950s,30.0665,72.255,0.2533,0.2701,D,"Rock,Funk / Soul,Pop"
Doris Day,Secret Love,1954,1950s,109.19,102.798,0.1337,0.2655,B,"Pop,Stage & Screen"
Percy Faith,Delicado,1952,1950s,221.2815,94.018,0.5072,0.3735,G,Jazz
Nena,99 Red Balloons,1984,1980s,254.5067,193.597,0.5266,0.4809,E,"Electronic,Rock"
Fine Young Cannibals,She Drives Me Crazy,1989,1980s,215.3467,108.799,0.6937,0.7915,D,"Electronic,Pop"
Beyonce,Crazy in Love,2003,2000s,251.68,99.241,0.8394,0.717,D,Hip Hop
Madonna,"Who's That Girl?",1987,1980s,238.7733,103.833,0.8571,0.6121,A,"Electronic,Pop"
Boney M,Rivers of Babylon,1978,1970s,257.2667,115.026,0.7217,0.7232,C#,Funk / Soul
No Doubt,"Don't Speak",1997,1990s,364.0727,142.606,0.6408,0.279,F,"Electronic,Rock"
The Byrds,Mr Tambourine Man,1965,1960s,148.9067,118.196,0.5332,0.5683,D,"Rock,Pop"
The Rolling Stones,"Jumpin' Jack Flash",1968,1960s,220.3439,137.461,0.7968,0.5836,Eb,Rock
Rihanna,Take a Bow,2008,2000s,242.2667,130.031,0.9358,0.5657,A,"Hip Hop,Pop"
Ricky Nelson,Hello Mary Lou,1961,1960s,136,97.959,0.7789,0.493,A,"Rock,Folk, World, & Country"
Billy Eckstine,My Foolish Heart,1950,1950s,183.5067,86.302,0.2203,0.2731,A,"Jazz,Stage & Screen"
Mr Big,To Be With You,1992,1990s,206.9733,83.644,0.3912,0.6948,E,Rock
Bryan Adams,Have You Ever Really Loved a Woman?,1995,1990s,291.6667,145.67,0.477,0.5712,G,"Rock,Pop"
Natalie Imbruglia,Torn,1998,1990s,227.3067,96.306,0.8274,0.5669,F,Rock
Elvis Presley,Suspicious Minds,1969,1960s,304.2667,142.949,0.626,0.3656,G,Rock
U2,Beautiful Day,2000,2000s,305.1596,136.085,0.8939,0.4513,D,Rock
Janet Jackson,"That's the Way Love Goes",1993,1990s,183.3366,98.379,0.6984,0.7245,Bb,Hip Hop
Stevie Wonder,I Just Called to Say I Love You,1984,1980s,261.1067,113.538,0.5311,0.7393,C#,"Electronic,Funk / Soul,Stage & Screen"
Bee Gees,Tragedy,1979,1970s,302.0667,118.254,0.4773,0.6779,D,Funk / Soul
Patti Page,How Much is That Doggy in the Window?,1953,1950s,158.32,122.96,0.1857,0.6006,D,Pop
Domenico Modugno,Volare,1958,1950s,152.88,132.093,0.5353,0.3448,F,Pop
Eminem,Stan,2000,2000s,380.48,80.053,0.8337,0.6889,F,Hip Hop
Nickelback,How You Remind Me,2002,2000s,224.8267,171.631,0.6986,0.4625,Bb,Rock
Rosemary Clooney,Half As Much,1952,1950s,168.5867,106.376,0.2703,0.2667,Bb,Pop
The Beatles,Hey Jude,1968,1960s,431.3329,147.142,0.5473,0.4019,Bb,"Rock,Pop"
Avril Lavigne,Complicated,2002,2000s,252.1916,77.981,0.672,0.5479,F,"Rock,Pop"
Madonna,Frozen,1998,1990s,332.1333,117.994,0.7082,0.4053,F,"Electronic,Pop"
Katy Perry,I Kissed A Girl,2008,2000s,181.3595,130.001,0.7557,0.6818,A,"Electronic,Rock,Pop"
Chumbawamba,Tubthumping,1997,1990s,221.4076,103.811,0.7368,0.5961,D,Rock
Perry Como,Wanted,1954,1950s,92.47,72.82,0.1874,0.4508,C#,Pop
Nat King Cole,Pretend,1953,1950s,163.3594,79.243,0.1673,0.3146,Bb,Jazz
John Lennon,(Just Like) Starting Over,1980,1980s,254.6412,99.052,0.4224,0.6898,B,Rock
Akon,Lonely,2005,2000s,213.2262,90.101,0.5461,0.6232,F,Funk / Soul
Kingsmen,Louie Louie,1963,1960s,124.5576,124.941,0.4767,0.884,Ab,Rock
Perez Prado,Patricia,1958,1950s,139.6267,139.961,0.6392,0.7134,C#,Jazz
Coldplay,Viva La Vida,2008,2000s,114.6771,137.985,0.7431,0.4805,F,Electronic